{
  "last_run": "2025-12-16T15:58:23.350495",
  "elapsed_minutes": 3.1325834433237714,
  "results": {
    "stocks": {
      "records": 0,
      "success": 0,
      "failed": 428
    },
    "crypto": {
      "records": 0,
      "success": 0,
      "failed": 150
    }
  }
}