{
  "avg_rsi": 50.165572610740355,
  "std_rsi": 15.731941320452222,
  "avg_macd": 0.21341616798332022,
  "std_macd": 8.782757948006557,
  "avg_adx": 30.222709513621737,
  "std_adx": 13.811762741642594,
  "avg_atr": 5.574284303613791,
  "std_atr": 12.170528455490745
}