{
  "avg_rsi": 43.10422195849817,
  "std_rsi": 10.566036053579587,
  "avg_macd": -35.761717286157655,
  "std_macd": 390.1989914611397,
  "avg_adx": 31.028328180345007,
  "std_adx": 11.380055134030886,
  "avg_atr": 86.93047134788297,
  "std_atr": 529.3402069722755
}